id,type,label,details_json
KB,knowledge_base,Private Parking AI Legal Knowledge Base,"{""text"": [""PRIVATE PARKING AI LEGAL KNOWLEDGE BASE"", ""VERSION 1 - INITIAL OPERATOR APPEALS"", ""Purpose: controlled retrieval source for the AI appeal generator. These records are not paragraphs to paste. The AI uses them to identify issues, ask targeted factual questions and draft a bespoke appeal from verified case facts."", ""NON-NEGOTIABLE: Never identify or imply the driver on an unidentified-driver keeper route. Never invent facts, evidence, lease terms, statutory defects, Code requirements, case law or operator records.""]}"
SEC-1,section,1. Knowledge Base Governance,"{""order"": 1, ""text"": []}"
KB-GOV-01,governance_rule,KB-GOV-01,"{""requirement"": ""Every module has a stable ID, version and effective date."", ""column_headers"": [""Rule"", ""Requirement""]}"
KB-GOV-02,governance_rule,KB-GOV-02,"{""requirement"": ""Legislation/Code propositions must be separately maintainable from drafting language."", ""column_headers"": [""Rule"", ""Requirement""]}"
KB-GOV-03,governance_rule,KB-GOV-03,"{""requirement"": ""The AI may combine/rewrite supported propositions, but may not create a new legal proposition outside the approved knowledge base."", ""column_headers"": [""Rule"", ""Requirement""]}"
KB-GOV-04,governance_rule,KB-GOV-04,"{""requirement"": ""The validator must confirm every material factual assertion is grounded in the PCN, uploaded evidence or customer-confirmed answer."", ""column_headers"": [""Rule"", ""Requirement""]}"
KB-GOV-05,governance_rule,KB-GOV-05,"{""requirement"": ""Where the legal position depends on the event date, notice route, operator/ATA or transition arrangements, the system must resolve applicability before drafting."", ""column_headers"": [""Rule"", ""Requirement""]}"
KB-GOV-06,governance_rule,KB-GOV-06,"{""requirement"": ""Case law must not be quoted or named automatically unless the authority and proposition have been separately verified and enabled by an administrator."", ""column_headers"": [""Rule"", ""Requirement""]}"
KB-GOV-07,governance_rule,KB-GOV-07,"{""requirement"": ""A weak secondary ground must not dilute a strong primary ground. Order: dispositive statutory/contractual issue -> strong factual issue -> evidence challenge -> secondary signage/authority point."", ""column_headers"": [""Rule"", ""Requirement""]}"
SEC-2,section,2. Source Register,"{""order"": 2, ""text"": [""Current implementation note (September 2026): BPA identifies the sector Single Code as version 1.1 dated 13 April 2026. The developer must store this as versioned data rather than a permanent hard-coded assumption.""]}"
SRC-1,source,"Protection of Freedoms Act 2012, Schedule 4","{""use"": ""Keeper liability only. Apply the correct notice route and statutory requirements."", ""column_headers"": [""Source"", ""Use""]}"
SRC-2,source,"Private Parking Sector Single Code of Practice, current sector version","{""use"": ""Operational standards including consideration/grace, signage, evidence, keying/payment and other applicable requirements. Version-control by event date/transition."", ""column_headers"": [""Source"", ""Use""], ""implementation_note"": ""Current implementation note (September 2026): BPA identifies the sector Single Code as version 1.1 dated 13 April 2026. The developer must store this as versioned data rather than a permanent hard-coded assumption.""}"
SRC-3,source,Equality Act 2010,"{""use"": ""Reasonable-adjustment/additional-time analysis where disability-related facts make it relevant."", ""column_headers"": [""Source"", ""Use""]}"
SRC-4,source,Uploaded lease / tenancy / parking grant,"{""use"": ""Primary source for residential rights. The AI must analyse the actual wording; never assume rights."", ""column_headers"": [""Source"", ""Use""]}"
SRC-5,source,PCN / Notice to Keeper / Notice to Driver,"{""use"": ""Primary source for allegation, dates, amount, location, notice route and PoFA analysis."", ""column_headers"": [""Source"", ""Use""]}"
SRC-6,source,Operator evidence / photographs / ANPR / payment records,"{""use"": ""Primary factual evidence. Distinguish total site presence from proven parking time."", ""column_headers"": [""Source"", ""Use""]}"
SEC-3,section,3. Keeper Liability / PoFA,"{""order"": 3, ""text"": []}"
KB-POFA-01,module,Keeper liability threshold,"{""fields"": {""USE WHEN"": ""Registered keeper appeal; driver has not already been formally identified."", ""CORE PROPOSITION"": ""Keeper liability is not automatic. If the operator seeks recovery from the keeper under Schedule 4, the applicable statutory conditions must be satisfied."", ""AI MUST CHECK"": ""Notice route; relevant land; event date; notice dates; whether a Notice to Driver preceded the NTK; required content; whether the operator is actually relying on PoFA."", ""LEGAL / CODE BASIS"": ""Protection of Freedoms Act 2012 Schedule 4."", ""DO NOT"": ""Do not say the underlying charge is automatically invalid merely because keeper liability fails. State that liability cannot be transferred to the keeper under Schedule 4.""}, ""text"": []}"
KB-POFA-02,module,Postal NTK timing,"{""fields"": {""USE WHEN"": ""Notice was first sent by post and no prior Notice to Driver was issued."", ""CORE PROPOSITION"": ""Assess the statutory delivery timing applicable to a postal Notice to Keeper before alleging lateness."", ""AI MUST CHECK"": ""Event date, issue date, presumed/actual delivery information, route."", ""LEGAL / CODE BASIS"": ""PoFA Schedule 4 paragraph 9 route."", ""DO NOT"": ""Do not allege a timing failure until the correct statutory calculation is confirmed.""}, ""text"": []}"
KB-POFA-03,module,Windscreen notice followed by NTK,"{""fields"": {""USE WHEN"": ""A Notice to Driver was placed on the vehicle and a later NTK is relied upon."", ""CORE PROPOSITION"": ""Assess the separate Schedule 4 route and timing/content requirements for a notice following a Notice to Driver."", ""AI MUST CHECK"": ""Date of parking event, Notice to Driver, NTK issue/delivery."", ""LEGAL / CODE BASIS"": ""PoFA Schedule 4 paragraph 8 route.""}, ""text"": []}"
KB-POFA-04,module,Mandatory notice content,"{""fields"": {""USE WHEN"": ""A specific required Schedule 4 element appears missing or defective."", ""CORE PROPOSITION"": ""Use only the precise defect established from the notice; do not generate a generic checklist challenge."", ""AI MUST CHECK"": ""Vehicle, relevant land, period of parking, unpaid charge, creditor, statutory invitation/warning and other route-specific requirements."", ""LEGAL / CODE BASIS"": ""PoFA Schedule 4, route-specific requirements."", ""DO NOT"": ""Do not assert defects from OCR uncertainty; require document confirmation where text is unclear.""}, ""text"": []}"
KB-POFA-05,module,Driver not established,"{""fields"": {""USE WHEN"": ""A valid PoFA failure is established and driver remains unidentified."", ""CORE PROPOSITION"": ""If Schedule 4 conditions are not met and the driver has not been established, the operator cannot transfer the driver's liability to the registered keeper under Schedule 4."", ""AI MUST CHECK"": ""Confirmed PoFA failure + driver_identified = NO."", ""DO NOT"": ""Never invite or infer driver identity.""}, ""text"": []}"
SEC-4,section,"4. Consideration, Grace and Actual Parking Time","{""order"": 4, ""text"": []}"
KB-CON-01,module,Consideration period,"{""fields"": {""USE WHEN"": ""Vehicle entered controlled land and time was needed before any parking terms could reasonably be accepted."", ""CORE PROPOSITION"": ""Entry onto land is not automatically acceptance of parking terms. Consider time reasonably required to find a space, locate/read terms, decide whether to stay and attempt initial compliance."", ""AI MUST CHECK"": ""ANPR times; site layout; reason for initial period; whether parking actually took place; whether terms were rejected and vehicle left."", ""LEGAL / CODE BASIS"": ""Applicable Private Parking Sector Single Code provisions in force for the event."", ""DO NOT"": ""Do not merge consideration time with an end-of-parking grace period.""}, ""text"": []}"
KB-CON-02,module,Terms rejected / vehicle left,"{""fields"": {""USE WHEN"": ""Terms were considered but not accepted and the vehicle then left."", ""CORE PROPOSITION"": ""Analyse whether a parking contract was ever accepted rather than treating all site presence as parking."", ""AI MUST CHECK"": ""Duration; activity; evidence; whether any conduct clearly accepted the terms.""}, ""text"": []}"
KB-GRACE-01,module,End grace period,"{""fields"": {""USE WHEN"": ""A permitted/paid parking period ended and the allegation concerns additional time before exit."", ""CORE PROPOSITION"": ""Apply the applicable end-of-parking grace requirement only after establishing that it applies to the site/event."", ""AI MUST CHECK"": ""Parking end time; ANPR exit; applicable Code rule; event date; operator transition status."", ""LEGAL / CODE BASIS"": ""Applicable Private Parking Sector Single Code."", ""DO NOT"": ""Do not hard-code '10 minutes always cancels'.""}, ""text"": []}"
KB-GRACE-02,module,Exit congestion / barrier delay,"{""fields"": {""USE WHEN"": ""Departure was delayed by queueing, congestion, barrier failure or site-management conditions."", ""CORE PROPOSITION"": ""An exit-camera timestamp may include non-parking time caused by the process of leaving the site."", ""AI MUST CHECK"": ""Cause and duration of delay; site evidence; barrier/queue information; actual parking end time.""}, ""text"": []}"
KB-TIME-01,module,ANPR presence is not necessarily parking time,"{""fields"": {""USE WHEN"": ""Operator relies on entry and exit cameras to calculate duration."", ""CORE PROPOSITION"": ""Distinguish total presence on controlled land from the period actually parked."", ""AI MUST CHECK"": ""Entry/exit location, manoeuvring, finding a bay, payment activity, queueing, multiple visits.""}, ""text"": []}"
SEC-5,section,"5. Payment, Keying and Systems","{""order"": 5, ""text"": []}"
KB-PAY-01,module,Payment made,"{""fields"": {""USE WHEN"": ""Evidence or confirmed facts show a tariff/payment was made."", ""CORE PROPOSITION"": ""Lead with payment and require the operator to reconcile its transaction records with the parking event."", ""AI MUST CHECK"": ""Payment method, time, amount, location, VRM entered, receipt/bank/app evidence."", ""EVIDENCE"": ""Receipt, app confirmation, bank transaction, payment screenshot.""}, ""text"": []}"
KB-PAY-02,module,Machine failure,"{""fields"": {""USE WHEN"": ""A genuine attempt to pay was prevented by a machine fault."", ""CORE PROPOSITION"": ""Analyse the operator-provided payment mechanism and the genuine attempt to comply; request relevant fault/maintenance/transaction records where appropriate."", ""AI MUST CHECK"": ""Machine ID/location, attempt time, alternative methods, evidence of fault."", ""EVIDENCE"": ""Photo/video, error message, witness evidence, transaction attempt.""}, ""text"": []}"
KB-PAY-03,module,App / digital payment failure,"{""fields"": {""USE WHEN"": ""Operator requires or offers digital payment and the process failed."", ""CORE PROPOSITION"": ""Consider whether a genuine attempt to comply was prevented by the provided system and whether alternative payment was realistically available."", ""AI MUST CHECK"": ""App/system, time, error, connectivity, alternative methods, records."", ""EVIDENCE"": ""Screenshots, app history, bank authorisation, support messages.""}, ""text"": []}"
KB-KEY-01,module,Minor keying error,"{""fields"": {""USE WHEN"": ""Payment made but VRM entry contains a minor error."", ""CORE PROPOSITION"": ""Treat as a paid parking event with a registration mismatch and apply the applicable Code/keying-error requirements."", ""AI MUST CHECK"": ""Correct VRM, entered VRM, payment match, error type."", ""LEGAL / CODE BASIS"": ""Applicable sector Code provisions on keying/payment errors.""}, ""text"": []}"
KB-KEY-02,module,Different vehicle registration entered,"{""fields"": {""USE WHEN"": ""Payment was made but another known vehicle registration was entered."", ""CORE PROPOSITION"": ""Require transaction matching and analyse applicable Code treatment; do not describe the event as simply unpaid parking where tariff was paid."", ""AI MUST CHECK"": ""Entered VRM, relationship to keeper/customer, payment record.""}, ""text"": []}"
SEC-6,section,6. ANPR and Evidence Integrity,"{""order"": 6, ""text"": []}"
KB-ANPR-01,module,Multiple visits / double visit,"{""fields"": {""USE WHEN"": ""Vehicle attended the site more than once and operator may have paired first entry with final exit."", ""CORE PROPOSITION"": ""Require review of the complete ANPR sequence rather than two selected images."", ""AI MUST CHECK"": ""All visits; intermediate captures; evidence vehicle was elsewhere."", ""EVIDENCE"": ""Dashcam, receipts, location records supplied by customer, CCTV, witness evidence.""}, ""text"": []}"
KB-ANPR-02,module,Missing capture / incorrect pairing,"{""fields"": {""USE WHEN"": ""Sequence appears incomplete or inconsistent."", ""CORE PROPOSITION"": ""An absent intermediate capture does not prove continuous presence; the operator should verify the full record and pairing logic."", ""AI MUST CHECK"": ""Image sequence, timestamps, camera lanes, complete logs if disclosed.""}, ""text"": []}"
KB-ANPR-03,module,Timestamp / VRM discrepancy,"{""fields"": {""USE WHEN"": ""Image, registration read or timestamp appears inconsistent."", ""CORE PROPOSITION"": ""Challenge only the identified discrepancy and request verification of the evidence relied upon."", ""AI MUST CHECK"": ""Original images, timestamp, OCR/VRM read, system records."", ""DO NOT"": ""Do not make generic calibration allegations with no factual trigger.""}, ""text"": []}"
KB-EV-01,module,Independent evidence contradicts allegation,"{""fields"": {""USE WHEN"": ""Uploaded evidence conflicts with operator's duration/location/account."", ""CORE PROPOSITION"": ""Give the independent evidence appropriate weight and require the operator to reconcile the contradiction."", ""AI MUST CHECK"": ""Authenticity, timestamp, location and relevance of evidence.""}, ""text"": []}"
SEC-7,section,7. Signage and Contract Formation,"{""order"": 7, ""text"": []}"
KB-SIGN-01,module,Entrance signage,"{""fields"": {""USE WHEN"": ""Credible facts/evidence indicate parking terms were not adequately communicated on entry."", ""CORE PROPOSITION"": ""Assess whether relevant terms were reasonably brought to attention before/at contract formation."", ""AI MUST CHECK"": ""Entrance route, sign position, visibility, event lighting, contemporaneous images."", ""EVIDENCE"": ""Customer photographs/video; operator site plan/signage evidence.""}, ""text"": []}"
KB-SIGN-02,module,Charge / relevant term prominence,"{""fields"": {""USE WHEN"": ""The specific restriction or parking charge was not prominent/clear."", ""CORE PROPOSITION"": ""Focus on the precise term allegedly breached and whether it was adequately communicated."", ""AI MUST CHECK"": ""Sign wording, font/prominence, placement, allegation, lighting.""}, ""text"": []}"
KB-SIGN-03,module,Conflicting signage,"{""fields"": {""USE WHEN"": ""Different signs communicate inconsistent terms."", ""CORE PROPOSITION"": ""Identify the conflict and require the operator to explain which terms applied and how they were communicated."", ""AI MUST CHECK"": ""Photos of each sign; site position; wording.""}, ""text"": []}"
KB-SIGN-04,module,Contemporaneous signage proof,"{""fields"": {""USE WHEN"": ""Operator relies on generic/undated signage evidence or customer evidence suggests change/damage."", ""CORE PROPOSITION"": ""Require evidence of signage actually in place at the material time where this is genuinely disputed."", ""AI MUST CHECK"": ""Event date; operator photos; installation/change records if available.""}, ""text"": []}"
SEC-8,section,"8. Authorisation, Permits and Genuine Use","{""order"": 8, ""text"": []}"
KB-AUTH-01,module,Underlying authorisation,"{""fields"": {""USE WHEN"": ""Vehicle had permission from resident, employer, hotel, business, landholder or other authorised source."", ""CORE PROPOSITION"": ""Analyse the underlying permission before treating an admin/display mismatch as absence of authority."", ""AI MUST CHECK"": ""Source, scope, date/time, vehicle registration, evidence.""}, ""text"": []}"
KB-AUTH-02,module,Permit held / digital permit,"{""fields"": {""USE WHEN"": ""A valid permit or whitelist entitlement existed."", ""CORE PROPOSITION"": ""Require operator to check physical/digital permit and whitelist records; distinguish entitlement from display/registration administration."", ""AI MUST CHECK"": ""Permit number, validity, bay/site, VRM, digital record.""}, ""text"": []}"
KB-AUTH-03,module,Visitor authorisation,"{""fields"": {""USE WHEN"": ""Vehicle was an authorised visitor."", ""CORE PROPOSITION"": ""Analyse visitor permission and any registration process; do not assume a registration error extinguished underlying permission."", ""AI MUST CHECK"": ""Host/resident confirmation, visitor system, dates, evidence.""}, ""text"": []}"
KB-CUST-01,module,Genuine customer,"{""fields"": {""USE WHEN"": ""Site is customer-only and evidence shows genuine use of premises."", ""CORE PROPOSITION"": ""Use as a factual/authorisation route where relevant, not as an automatic cancellation rule."", ""AI MUST CHECK"": ""Receipt/booking, premises, timing, landowner/occupier policy.""}, ""text"": []}"
SEC-9,section,9. Breakdown / Frustration / Involuntary Immobilisation,"{""order"": 9, ""text"": []}"
KB-BREAK-01,module,Mechanical breakdown,"{""fields"": {""USE WHEN"": ""A genuine mechanical event prevented the vehicle from being moved or prevented timely compliance/departure."", ""CORE PROPOSITION"": ""Consider whether an unforeseen supervening event outside the relevant party's control made contractual performance/departure impossible or materially prevented it. Frame as a substantive contractual issue where facts support it, not merely a plea for discretion."", ""AI MUST CHECK"": ""Nature of fault; when it arose; whether vehicle could safely/reasonably be moved; recovery/repair steps; duration; whether the alleged breach was caused by the breakdown."", ""LEGAL / CODE BASIS"": ""Common-law frustration/impossibility principles; application is fact-sensitive and must not be presented as automatic."", ""EVIDENCE"": ""AA/RAC/recovery report, garage invoice, roadside repair record, photographs, call logs/messages, contemporaneous assistance records."", ""DO NOT"": ""Do not state 'breakdown = automatic frustration'. Do not invent the fault or recovery attendance.""}, ""text"": []}"
KB-BREAK-02,module,Puncture / battery / immobilisation,"{""fields"": {""USE WHEN"": ""A puncture, flat battery or similar event actually immobilised the vehicle."", ""CORE PROPOSITION"": ""Treat as breakdown only where evidence/facts show the vehicle could not reasonably depart or comply; otherwise assess as ordinary delay."", ""AI MUST CHECK"": ""Severity, safety, repair/recovery, time.""}, ""text"": []}"
KB-BREAK-03,module,Recovery vehicle / assistance time,"{""fields"": {""USE WHEN"": ""Vehicle remained while awaiting legitimate roadside recovery/assistance."", ""CORE PROPOSITION"": ""Separate time caused by necessary recovery arrangements from voluntary parking and require operator to address the documented incident."", ""AI MUST CHECK"": ""Call time, arrival time, departure/recovery time, recovery evidence.""}, ""text"": []}"
SEC-10,section,10. Residential Parking / Primacy of Contract,"{""order"": 10, ""text"": []}"
KB-RES-01,module,Primacy of pre-existing parking rights,"{""fields"": {""USE WHEN"": ""Resident/tenant/leaseholder relies on an uploaded agreement granting parking rights."", ""CORE PROPOSITION"": ""The actual lease/tenancy/parking grant is the starting point. Later operator signage should not automatically be assumed to vary or extinguish pre-existing contractual/property rights."", ""AI MUST CHECK"": ""Exact parking clause; allocated/communal bay; permit wording; power to make regulations; variation mechanism; parties; commencement date."", ""EVIDENCE"": ""Lease, tenancy, parking-space grant, title/plan, managing-agent correspondence."", ""DO NOT"": ""Do not assert primacy merely because the appellant is a resident.""}, ""text"": []}"
KB-RES-02,module,Unfettered right to park,"{""fields"": {""USE WHEN"": ""Uploaded instrument grants a parking right without the restriction now alleged."", ""CORE PROPOSITION"": ""Where the wording genuinely grants an unrestricted/unfettered right, analyse whether a later permit/payment condition is inconsistent with that grant."", ""AI MUST CHECK"": ""Exact clause and any qualifications/regulations."", ""DO NOT"": ""Never use the word 'unfettered' unless the document supports it.""}, ""text"": []}"
KB-RES-03,module,Allocated bay,"{""fields"": {""USE WHEN"": ""Agreement identifies a specific bay/space or exclusive parking entitlement."", ""CORE PROPOSITION"": ""Analyse the resident's rights in that bay and whether the operator has authority to impose the alleged additional contractual term."", ""AI MUST CHECK"": ""Plan/bay number, lease clause, permit requirements, management powers.""}, ""text"": []}"
KB-RES-04,module,Derogation from grant,"{""fields"": {""USE WHEN"": ""Landlord/lessor granted a parking right and later arrangements arguably substantially interfere with the benefit granted."", ""CORE PROPOSITION"": ""Consider derogation from grant only where the actual grant and later interference support the doctrine."", ""AI MUST CHECK"": ""Nature of grant; later scheme; degree of interference; contractual powers."", ""DO NOT"": ""Do not use as boilerplate in every residential appeal.""}, ""text"": []}"
KB-RES-05,module,Quiet enjoyment,"{""fields"": {""USE WHEN"": ""Tenancy/lease rights and enforcement conduct raise a genuine interference issue."", ""CORE PROPOSITION"": ""Use only where the contractual wording/facts support a quiet-enjoyment point; it is not a universal answer to a PCN."", ""AI MUST CHECK"": ""Agreement terms; conduct; repeated interference if relevant."", ""DO NOT"": ""Do not treat quiet enjoyment as meaning freedom from all parking regulation.""}, ""text"": []}"
KB-RES-06,module,Permit scheme expressly incorporated,"{""fields"": {""USE WHEN"": ""Lease/tenancy contains a permit requirement, regulations clause or power to introduce parking controls."", ""CORE PROPOSITION"": ""The AI must confront the clause and analyse its scope rather than omitting it. Primacy may be weaker or differently framed."", ""AI MUST CHECK"": ""Exact clause; whether regulations were validly made; notice/variation process; allegation.""}, ""text"": []}"
KB-RES-07,module,Managing agent / operator authority,"{""fields"": {""USE WHEN"": ""Resident rights exist and third-party operator enforcement is challenged."", ""CORE PROPOSITION"": ""Assess whether the managing agent/landowner could grant enforcement rights consistent with the resident's existing agreement."", ""AI MUST CHECK"": ""Lease powers; management agreement if available; site boundary; operator authority.""}, ""text"": []}"
SEC-11,section,11. Equality Act / Additional Time,"{""order"": 11, ""text"": []}"
KB-EQ-01,module,Reasonable adjustments,"{""fields"": {""USE WHEN"": ""Facts indicate disability-related needs may have affected use of the parking service or time required."", ""CORE PROPOSITION"": ""Consider whether reasonable adjustments/additional time were required and whether the operator properly considered the individual circumstances."", ""AI MUST CHECK"": ""Relevant functional impact, extra time needed, operator knowledge where relevant, evidence supplied."", ""LEGAL / CODE BASIS"": ""Equality Act 2010; apply only where statutory conditions are met."", ""DO NOT"": ""Do not require the customer to disclose unnecessary medical detail. Do not equate Blue Badge possession with the legal test.""}, ""text"": []}"
KB-EQ-02,module,Additional time,"{""fields"": {""USE WHEN"": ""Disability-related circumstances reasonably required more time to enter, park, pay, return or leave."", ""CORE PROPOSITION"": ""Do not assess the event solely by automated timestamps where additional time may constitute a reasonable adjustment."", ""AI MUST CHECK"": ""Why extra time was needed and how it relates to the alleged breach.""}, ""text"": []}"
KB-EQ-03,module,Hidden disability,"{""fields"": {""USE WHEN"": ""No visible badge/indicator but disability-related facts are relevant."", ""CORE PROPOSITION"": ""Absence of visible evidence does not itself resolve whether Equality Act duties were engaged."", ""AI MUST CHECK"": ""Facts and evidence volunteered/necessary for the issue.""}, ""text"": []}"
SEC-12,section,12. Hospital / Medical Sites,"{""order"": 12, ""text"": []}"
KB-HOSP-01,module,Hospital attendance,"{""fields"": {""USE WHEN"": ""Parking event connected with hospital/medical attendance."", ""CORE PROPOSITION"": ""Analyse the site's parking terms, exemptions/validation process, appointment/emergency circumstances and any relevant additional-time obligations."", ""AI MUST CHECK"": ""Hospital, appointment/emergency, validation/payment process, evidence.""}, ""text"": []}"
KB-HOSP-02,module,Emergency treatment / unpredictable delay,"{""fields"": {""USE WHEN"": ""Emergency or clinical delay caused timing/parking issue."", ""CORE PROPOSITION"": ""Treat the factual cause seriously and assess contractual/Code/adjustment issues rather than using generic sympathy wording."", ""AI MUST CHECK"": ""Attendance records, appointment/clinical delay evidence where available."", ""DO NOT"": ""Do not invent medical facts or request excessive health information.""}, ""text"": []}"
KB-HOSP-03,module,PALS / Trust cancellation route,"{""fields"": {""USE WHEN"": ""NHS/healthcare landholder has a cancellation or exemption mechanism."", ""CORE PROPOSITION"": ""Where appropriate, flag landholder/PALS cancellation as a parallel practical route while still generating the operator appeal."", ""AI MUST CHECK"": ""Trust/site policy and evidence.""}, ""text"": []}"
SEC-13,section,"13. Loading, Drop-off, Collection and Non-Parking Activity","{""order"": 13, ""text"": []}"
KB-ACT-01,module,Loading / unloading,"{""fields"": {""USE WHEN"": ""Vehicle presence was genuinely for loading/unloading and the allegation/site terms make this legally/factually relevant."", ""CORE PROPOSITION"": ""Distinguish the activity from ordinary parking where the contract/site rights recognise the distinction; analyse actual terms and evidence."", ""AI MUST CHECK"": ""Nature/duration of loading, goods, site terms, evidence."", ""DO NOT"": ""Do not assume loading is always exempt on private land.""}, ""text"": []}"
KB-ACT-02,module,Passenger drop-off / pick-up,"{""fields"": {""USE WHEN"": ""Vehicle stopped briefly for genuine drop-off/collection."", ""CORE PROPOSITION"": ""Analyse the precise site restriction and whether stopping/parking/contract formation is established; do not assume a universal exemption."", ""AI MUST CHECK"": ""Duration, location, signage, activity.""}, ""text"": []}"
KB-ACT-03,module,Hotel / restaurant / collection delay,"{""fields"": {""USE WHEN"": ""Authorised customer use involved a collection/check-in/waiting process."", ""CORE PROPOSITION"": ""Use the underlying authorisation and factual delay where relevant; do not convert ordinary waiting into an automatic exemption."", ""AI MUST CHECK"": ""Booking/order/receipt, authorisation, timing.""}, ""text"": []}"
SEC-14,section,14. EV Charging and Site Infrastructure,"{""order"": 14, ""text"": []}"
KB-EVCH-01,module,EV charging,"{""fields"": {""USE WHEN"": ""Vehicle remained for genuine charging and allegation relates to duration/payment/authorisation."", ""CORE PROPOSITION"": ""Analyse charging terms separately from ordinary parking terms and establish whether the charge concerned parking, charging, overstay or tariff."", ""AI MUST CHECK"": ""Charge session, app/charger record, bay terms, parking terms.""}, ""text"": []}"
KB-INFRA-01,module,Barrier / access system failure,"{""fields"": {""USE WHEN"": ""Entry/exit or compliance was prevented/delayed by site infrastructure."", ""CORE PROPOSITION"": ""Time caused by operator/landholder infrastructure should be distinguished from voluntary parking where supported."", ""AI MUST CHECK"": ""Barrier/access fault, queue, timestamps, evidence.""}, ""text"": []}"
SEC-15,section,15. Landowner Authority,"{""order"": 15, ""text"": []}"
KB-LAND-01,module,Authority to operate,"{""fields"": {""USE WHEN"": ""A proportionate authority challenge is relevant."", ""CORE PROPOSITION"": ""Require evidence that the operator had sufficient authority to operate/enforce at the specific site and material date."", ""AI MUST CHECK"": ""Site, event date, contracting party, scope."", ""DO NOT"": ""At initial appeal do not falsely assert that no authority exists merely because the customer has not seen the contract.""}, ""text"": []}"
KB-LAND-02,module,Scope / site boundary / material date,"{""fields"": {""USE WHEN"": ""Evidence suggests location, date or scope mismatch."", ""CORE PROPOSITION"": ""Focus on the specific mismatch: land boundary, term, expiry, cancellation powers or enforcement scope."", ""AI MUST CHECK"": ""Contract/authority evidence if supplied; site plan; dates.""}, ""text"": []}"
KB-LAND-03,module,Redacted authority evidence,"{""fields"": {""USE WHEN"": ""Operator later provides authority evidence but redactions prevent material verification."", ""CORE PROPOSITION"": ""Challenge only redactions that prevent verification of parties, land, duration or enforcement scope."", ""AI MUST CHECK"": ""Document supplied and visible omissions.""}, ""text"": []}"
SEC-16,section,16. Drafting Priority and Suppression Rules,"{""order"": 16, ""text"": []}"
PRI-1,drafting_priority,Priority 1,"{""instruction"": ""Lead with a confirmed dispositive keeper-liability or contractual-rights point."", ""column_headers"": [""Priority"", ""Instruction""]}"
PRI-2,drafting_priority,Priority 2,"{""instruction"": ""Then strongest fact-specific ground: payment, breakdown, residential right, multiple visits, authorisation, etc."", ""column_headers"": [""Priority"", ""Instruction""]}"
PRI-3,drafting_priority,Priority 3,"{""instruction"": ""Then relevant Code/evidence/signage issues."", ""column_headers"": [""Priority"", ""Instruction""]}"
PRI-4,drafting_priority,Priority 4,"{""instruction"": ""Landowner authority normally concise at initial operator stage unless specific evidence creates a stronger issue."", ""column_headers"": [""Priority"", ""Instruction""]}"
PRI-5,drafting_priority,Priority 5,"{""instruction"": ""Do not stack every possible ground. Omit weak, contradictory or unsupported modules."", ""column_headers"": [""Priority"", ""Instruction""]}"
PRI-6,drafting_priority,Priority 6,"{""instruction"": ""Deduplicate facts and requests. The final appeal should read as one case-specific letter."", ""column_headers"": [""Priority"", ""Instruction""]}"
PRI-7,drafting_priority,Priority 7,"{""instruction"": ""Never expose module IDs or internal confidence/reasoning to the customer/operator."", ""column_headers"": [""Priority"", ""Instruction""]}"
SEC-17,section,17. Mandatory Validator Rules,"{""order"": 17, ""text"": []}"
VAL-DRIVER,validator,VAL-DRIVER,"{""block_release_if"": ""Draft identifies or strongly implies who drove where driver remains unidentified."", ""column_headers"": [""Validator"", ""Block release if...""]}"
VAL-FACT,validator,VAL-FACT,"{""block_release_if"": ""A material fact cannot be traced to source document/evidence/confirmed answer."", ""column_headers"": [""Validator"", ""Block release if...""]}"
VAL-EVIDENCE,validator,VAL-EVIDENCE,"{""block_release_if"": ""Draft says evidence is enclosed when it is not available."", ""column_headers"": [""Validator"", ""Block release if...""]}"
VAL-POFA,validator,VAL-POFA,"{""block_release_if"": ""A PoFA defect is alleged without route-specific verification."", ""column_headers"": [""Validator"", ""Block release if...""]}"
VAL-CODE,validator,VAL-CODE,"{""block_release_if"": ""A Code rule/version is applied without event-date/operator applicability check."", ""column_headers"": [""Validator"", ""Block release if...""]}"
VAL-RES,validator,VAL-RES,"{""block_release_if"": ""Lease/tenancy wording is invented, paraphrased inaccurately or rights are overstated."", ""column_headers"": [""Validator"", ""Block release if...""]}"
VAL-BREAK,validator,VAL-BREAK,"{""block_release_if"": ""Breakdown is described as automatic frustration without evidence/facts supporting prevention of performance/departure."", ""column_headers"": [""Validator"", ""Block release if...""]}"
VAL-EQ,validator,VAL-EQ,"{""block_release_if"": ""Equality Act ground is generated without relevant facts."", ""column_headers"": [""Validator"", ""Block release if...""]}"
VAL-ANPR,validator,VAL-ANPR,"{""block_release_if"": ""Generic calibration/maintenance allegation is inserted without a factual trigger."", ""column_headers"": [""Validator"", ""Block release if...""]}"
VAL-STAGE,validator,VAL-STAGE,"{""block_release_if"": ""POPLA/IAS/court language appears in an initial operator appeal except configured next-step wording."", ""column_headers"": [""Validator"", ""Block release if...""]}"
VAL-CONFLICT,validator,VAL-CONFLICT,"{""block_release_if"": ""Draft contains contradictory dates, payment status, duration, permit status or account."", ""column_headers"": [""Validator"", ""Block release if...""]}"
SEC-18,section,18. Developer Retrieval Output Schema,"{""order"": 18, ""text"": [""Recommended internal retrieval output before drafting:""]}"
SCHEMA-primary_route,schema_field,primary_route,"{""example"": ""RESIDENTIAL_RIGHTS"", ""column_headers"": [""Field"", ""Example""]}"
SCHEMA-secondary_routes,schema_field,secondary_routes,"{""example"": ""SIGNAGE; LANDOWNER_AUTHORITY"", ""column_headers"": [""Field"", ""Example""]}"
SCHEMA-module_ids,schema_field,module_ids,"{""example"": ""KB-RES-01; KB-RES-03; KB-LAND-01"", ""column_headers"": [""Field"", ""Example""]}"
SCHEMA-verified_facts,schema_field,verified_facts,"{""example"": ""Structured source-backed facts only"", ""column_headers"": [""Field"", ""Example""]}"
SCHEMA-missing_facts,schema_field,missing_facts,"{""example"": ""Questions still required before drafting"", ""column_headers"": [""Field"", ""Example""]}"
SCHEMA-evidence_refs,schema_field,evidence_refs,"{""example"": ""Uploaded evidence identifiers"", ""column_headers"": [""Field"", ""Example""]}"
SCHEMA-prohibited_claims,schema_field,prohibited_claims,"{""example"": ""Unsupported grounds/claims to exclude"", ""column_headers"": [""Field"", ""Example""]}"
SCHEMA-code_version,schema_field,code_version,"{""example"": ""Applicable sector Code version/status"", ""column_headers"": [""Field"", ""Example""]}"
SCHEMA-pofa_route,schema_field,pofa_route,"{""example"": ""POSTAL / WINDSCREEN / NOT_APPLICABLE / UNRESOLVED"", ""column_headers"": [""Field"", ""Example""]}"
SCHEMA-driver_status,schema_field,driver_status,"{""example"": ""UNIDENTIFIED / FORMALLY_IDENTIFIED"", ""column_headers"": [""Field"", ""Example""]}"
SEC-19,section,19. Administration / Update Policy,"{""order"": 19, ""text"": [""The knowledge base must be editable independently of application code. Each module should have version, effective_from, effective_to, status (ACTIVE/REVIEW/DISABLED), source reference, last legal review date and change notes. When legislation, the sector Code or appeal practice changes, administrators should be able to disable or replace a module without a developer deployment.""]}"
SEC-APPENDIX-A,section,APPENDIX A - Approved Drafting Building Blocks,"{""order"": 20, ""text"": [""These are controlled drafting building blocks inherited from the original developer pack and expanded for the AI build. They are not to be concatenated mechanically. The AI may paraphrase, merge and reorder them only where the underlying module has been retrieved and its factual/legal prerequisites are satisfied.""]}"
PP-INTRO-001,drafting_block,Registered Keeper Appeal,"{""text"": [""I write as the registered keeper of vehicle {{vrm}} in respect of Parking Charge Notice {{pcn_number}}. I dispute liability for this parking charge and require the operator to consider this appeal on the grounds set out below.""]}"
PP-INTRO-002,drafting_block,Driver Not Identified,"{""text"": [""This appeal is submitted by the registered keeper. No admission is made as to the identity of the driver, and nothing contained within this appeal should be interpreted as identifying or inferring the identity of the driver.""]}"
PP-POFA-001,drafting_block,Keeper Liability Must Be Established,"{""text"": [""Where the operator seeks to recover the parking charge from the registered keeper rather than the driver, it must establish that the statutory conditions for keeper liability under Schedule 4 of the Protection of Freedoms Act 2012 have been satisfied. Keeper liability does not arise merely because an individual is the registered keeper.""]}"
PP-POFA-002,drafting_block,No Notice to Keeper Received,"{""text"": [""The registered keeper has not received a Notice to Keeper capable of establishing keeper liability under Schedule 4. In the absence of compliance with the statutory procedure required to transfer liability, the operator has not established a right to recover this charge from the registered keeper under Schedule 4.""]}"
PP-POFA-003,drafting_block,Postal NTK Timing Failure,"{""text"": [""The Notice to Keeper was not delivered within the applicable statutory period for the relevant postal-notice route. The operator has therefore failed to satisfy a condition required to transfer liability to the registered keeper under Schedule 4.""]}"
PP-POFA-004,drafting_block,NTK Following Notice to Driver - Timing,"{""text"": [""Where a Notice to Driver preceded the Notice to Keeper, the subsequent notice must comply with the separate timing requirements applicable to that route. The notice in this case did not meet the applicable statutory timing requirement and keeper liability has not been established.""]}"
PP-POFA-005A,drafting_block,Vehicle / Relevant Land / Period of Parking,"{""text"": [""The Notice to Keeper fails to provide the route-specific information required by Schedule 4 concerning the alleged parking event. The precise defect identified by the system should be stated here; this block must never be used from OCR uncertainty alone.""]}"
PP-POFA-005B,drafting_block,Keeper Warning Defect,"{""text"": [""The Notice to Keeper does not contain a compliant route-specific keeper-liability warning. The operator cannot rely upon Schedule 4 where the applicable statutory conditions have not been met.""]}"
PP-POFA-005C,drafting_block,Creditor Identification Defect,"{""text"": [""The notice does not comply with the applicable requirement concerning identification of the creditor. If the operator relies on Schedule 4, it must establish compliance with the route-specific statutory requirements.""]}"
PP-POFA-005D,drafting_block,Unpaid Charge / Amount Defect,"{""text"": [""The notice does not properly comply with the applicable Schedule 4 requirement concerning the unpaid parking charge said to be outstanding. This point may be used only after the exact statutory defect is verified.""]}"
PP-POFA-005E,drafting_block,Statutory Invitation Defect,"{""text"": [""The notice does not contain the applicable statutory invitation required by the relevant Schedule 4 route. The system must identify the exact missing/defective requirement before using this point.""]}"
PP-POFA-006,drafting_block,Driver Not Established + PoFA Failure,"{""text"": [""The operator has not established the identity of the driver. As the applicable Schedule 4 requirements have also not been satisfied, liability cannot be transferred to the registered keeper under Schedule 4.""]}"
PP-POFA-007,drafting_block,Keeper Conclusion,"{""text"": [""For the verified reasons set out above, the operator has not established keeper liability under Schedule 4 of the Protection of Freedoms Act 2012. The charge should therefore be cancelled as against the registered keeper.""]}"
PP-PAY-001,drafting_block,Parking Was Paid For,"{""text"": [""The allegation that the applicable parking tariff was not paid is disputed. A payment was made in connection with the vehicle's use of the site. The operator should review its payment records against the parking event before continuing enforcement.""]}"
PP-PAY-002,drafting_block,Payment Evidence,"{""text"": [""Evidence confirming payment is supplied with this appeal. It should be considered alongside the operator's transaction records and the details of the alleged parking event.""]}"
PP-PAY-003,drafting_block,Machine Failure,"{""text"": [""A genuine attempt was made to comply with the payment arrangements, but the payment machine did not operate as expected. The operator should review its machine fault, maintenance and transaction records for the relevant time.""]}"
PP-PAY-004,drafting_block,App / Digital Failure,"{""text"": [""A genuine attempt was made to use the digital payment facility provided for the location, but the transaction could not be completed because of the identified system problem. The operator should review its relevant system and transaction records.""]}"
PP-PAY-005,drafting_block,Genuine Attempt to Pay,"{""text"": [""The circumstances demonstrate a genuine attempt to comply with the payment requirements. The charge should not be considered in isolation from the steps taken to make payment and the verified reason the transaction could not be completed.""]}"
PP-PAY-006,drafting_block,Payment Record Search,"{""text"": [""The operator is requested to conduct a reasonable search of its payment records for the relevant location and period, including transactions capable of being matched to the parking event rather than relying solely on an immediate VRM match.""]}"
PP-KEY-001,drafting_block,Paid but VRM Entered Incorrectly,"{""text"": [""A parking payment was made, but an error occurred when the vehicle registration details were entered. The operator should identify the corresponding transaction and apply the current applicable Code/Appeals Charter treatment.""]}"
PP-KEY-002,drafting_block,Minor Keying Error,"{""text"": [""The discrepancy concerns a minor registration-entry error. Payment was nevertheless made. The operator should match the transaction and deal with the case in accordance with the applicable current keying-error requirements.""]}"
PP-KEY-003,drafting_block,Different Vehicle Registration Entered,"{""text"": [""Payment was made but registration details relating to another vehicle were entered. The operator should examine the relevant transaction and apply the applicable current Code treatment.""]}"
PP-KEY-004,drafting_block,Tariff Paid,"{""text"": [""Notwithstanding the registration-entry error, the applicable tariff was paid. The case should not be treated as though the parking facility was used without payment.""]}"
PP-CON-001,drafting_block,Consideration Period,"{""text"": [""The vehicle's recorded presence must be considered in the context of the applicable consideration period. Entry onto controlled land does not, without more, establish immediate acceptance of every parking term or that the entire entry-to-exit interval was a period of parking.""]}"
PP-CON-002,drafting_block,Locate / Read Terms,"{""text"": [""Time was required to locate and consider the applicable parking terms before a decision could reasonably be made whether to accept them.""]}"
PP-CON-003,drafting_block,Terms Rejected and Vehicle Left,"{""text"": [""Having considered the terms, they were not accepted and the vehicle left. The initial presence should not automatically be treated as an accepted parking contract.""]}"
PP-CON-004,drafting_block,Initial Payment Attempt,"{""text"": [""Part of the recorded period was spent attempting to understand and comply with the payment arrangements. The operator should not automatically treat the camera entry time as the commencement of paid parking.""]}"
PP-CON-005,drafting_block,Finding a Space,"{""text"": [""Part of the recorded presence was spent entering, manoeuvring and attempting to locate a suitable space. Camera entry time is not automatically the start of actual parking.""]}"
PP-GRACE-001,drafting_block,Applicable Grace,"{""text"": [""The applicable current Code requirements provide for a grace period in relevant circumstances in addition to the parking period. The operator must assess the alleged additional time against the rule actually applicable to this event.""]}"
PP-GRACE-002,drafting_block,Return to Vehicle / Leave,"{""text"": [""The period following the permitted parking session included time reasonably required to return to the vehicle, prepare to leave and exit the controlled land.""]}"
PP-GRACE-003,drafting_block,Exit Congestion,"{""text"": [""The vehicle's departure was affected by verified congestion or delay in exiting. An ANPR exit timestamp records passage at the camera and does not necessarily establish that the vehicle remained parked until that moment.""]}"
PP-GRACE-004,drafting_block,Additional Exit Time,"{""text"": [""Additional time was reasonably required before the vehicle could leave. The operator should consider the verified circumstances together with the applicable Code requirement rather than relying solely on an automated timestamp comparison.""]}"
PP-GRACE-005,drafting_block,Within Applicable Grace,"{""text"": [""The verified additional period falls within the grace period applicable to this parking event. The charge should therefore be cancelled.""]}"
PP-ANPR-001,drafting_block,Entry/Exit Is Not Automatically Parking Time,"{""text"": [""ANPR images record the vehicle at particular points on the controlled land. Those timestamps do not necessarily establish the precise period actually parked. Entry, manoeuvring, consideration, payment activity and exit can form part of total presence without being parking time.""]}"
PP-ANPR-002,drafting_block,Duration Disputed,"{""text"": [""The alleged parking duration is disputed. The operator should establish the actual parking period relied upon rather than merely the elapsed interval between two camera timestamps.""]}"
PP-ANPR-003,drafting_block,Multiple Visits,"{""text"": [""The vehicle attended the location on more than one separate occasion. The first recorded entry and final recorded exit must not be treated as one continuous parking event without review of the complete sequence.""]}"
PP-ANPR-004,drafting_block,Evidence Vehicle Elsewhere,"{""text"": [""Independent evidence demonstrates that the vehicle was not continuously present for the period alleged. The operator must reconcile that evidence with its ANPR sequence.""]}"
PP-ANPR-005,drafting_block,Full ANPR Sequence,"{""text"": [""The operator should review the complete sequence of captures for the vehicle and date, including intermediate entry/exit records, rather than relying only on the two images reproduced on the PCN.""]}"
PP-ANPR-007,drafting_block,Timestamp Discrepancy,"{""text"": [""A specific discrepancy has been identified in the timestamps relied upon. Because duration depends on those timestamps, the operator should verify the relevant records and explain the discrepancy.""]}"
PP-ANPR-008,drafting_block,Image / VRM Issue,"{""text"": [""The photographic evidence does not clearly establish the registration details relied upon. The operator should review the original images and confirm the basis on which the VRM was identified.""]}"
PP-ANPR-010,drafting_block,Missing Capture,"{""text"": [""The sequence appears incomplete. Absence of an intermediate capture should not automatically be treated as proof of continuous presence.""]}"
PP-ANPR-011,drafting_block,Incorrect Pairing,"{""text"": [""The evidence indicates that separate visits may have been paired into a single event. The operator should establish that the selected entry and exit genuinely relate to one continuous visit.""]}"
PP-AUTH-001,drafting_block,Authorised to Park,"{""text"": [""The vehicle was authorised to park at the material time. The operator should review the relevant authorisation records and evidence before maintaining an allegation of unauthorised parking.""]}"
PP-AUTH-002,drafting_block,Valid Permit,"{""text"": [""A valid parking permit existed in connection with the vehicle's use of the location. The existence and scope of that underlying entitlement must be considered.""]}"
PP-AUTH-004,drafting_block,Permit Admin / Display Issue,"{""text"": [""Although there was an identified display or registration issue, a valid underlying entitlement to park existed. The operator should distinguish this from a case involving no parking authority.""]}"
PP-AUTH-006,drafting_block,Visitor Authorisation,"{""text"": [""The vehicle was present as an authorised visitor. The operator should review visitor records and the evidence of permission.""]}"
PP-AUTH-008,drafting_block,Genuine Customer,"{""text"": [""The vehicle's presence was connected with a genuine visit to the premises for which the parking facility was provided. This is not an automatic cancellation ground; it should be used where site terms/policy or landholder authorisation make it relevant.""]}"
PP-SIGN-001,drafting_block,Signage Adequacy,"{""text"": [""The adequacy of the signage is disputed on the specific factual basis identified. The operator should review the positioning, visibility, content and material-time condition of the signs relied upon.""]}"
PP-SIGN-002,drafting_block,Entrance Sign,"{""text"": [""The parking terms were not adequately communicated on the route of entry in the circumstances established by the evidence. The operator should identify the entrance signage actually in place at the material time.""]}"
PP-SIGN-004,drafting_block,Relevant Term Prominence,"{""text"": [""The particular term said to have been breached was not displayed with sufficient prominence or clarity in the circumstances established. The operator should identify precisely where and how that term was communicated.""]}"
PP-SIGN-005,drafting_block,Charge Prominence,"{""text"": [""The parking charge itself was not displayed with sufficient prominence on the signage relied upon. Use only where the actual sign evidence supports this factual proposition.""]}"
PP-SIGN-011,drafting_block,Conflicting Terms,"{""text"": [""The signage communicated materially inconsistent terms. The operator should explain which terms it says applied and how they were communicated with sufficient clarity.""]}"
PP-LAND-001,drafting_block,Authority to Operate,"{""text"": [""The operator is requested to establish that it had sufficient authority from the landowner or other entitled party to operate and enforce the parking scheme at the location on the material date.""]}"
PP-LAND-002,drafting_block,Current Authority,"{""text"": [""Any authority relied upon should cover the specific location and material date. Evidence for another site or period does not establish authority for this PCN.""]}"
PP-LAND-005,drafting_block,Land / Location Match,"{""text"": [""The operator must establish that the authority relied upon covers the specific land on which the alleged event occurred.""]}"
PP-LAND-006,drafting_block,Material Date,"{""text"": [""Any evidence of authority must show that the operator's authority was in force on {{parking_event_date}}.""]}"
PP-LAND-008,drafting_block,Material Redactions,"{""text"": [""Where authority evidence is supplied but redactions prevent verification of parties, land, period or enforcement scope, the operator should provide sufficient evidence to establish those matters.""]}"
PP-END-001,drafting_block,Cancellation,"{""text"": [""For the reasons set out above, the parking charge is disputed and the operator is requested to cancel Parking Charge Notice {{pcn_number}}.""]}"
PP-END-002,drafting_block,Reasoned Rejection,"{""text"": [""If the operator is not prepared to cancel the charge, it is requested to provide a clear response addressing the specific grounds and evidence raised.""]}"
PP-END-003,drafting_block,Independent Appeal,"{""text"": [""If rejected, please provide the appropriate information/reference required to pursue the applicable independent appeal route.""]}"
AI-BREAK-001,drafting_block,Breakdown / Current Code Route,"{""text"": [""The vehicle became mechanically immobilised during the relevant period. The incident was outside the ordinary control of the person responsible for the vehicle and materially prevented timely departure/compliance. The operator is requested to apply the breakdown/emergency provisions of the current applicable Code/Appeals Charter to the enclosed evidence and cancel the charge where those provisions are satisfied.""]}"
AI-BREAK-002,drafting_block,Breakdown / Contract Analysis,"{""text"": [""The alleged breach arose, if at all, only because an unforeseen mechanical event prevented the vehicle from being moved as required. The operator is requested to address the legal effect of that supervening event and the evidence of genuine immobilisation rather than treating the additional presence as a voluntary decision to remain parked.""]}"
AI-RES-001,drafting_block,Residential Primacy,"{""text"": [""The vehicle was parked pursuant to pre-existing residential parking rights evidenced by the uploaded {{lease_or_tenancy}}. The operator's signage cannot simply be assumed to vary or extinguish rights already granted under that agreement. The operator is requested to address the specific parking clause and explain the contractual basis on which the later parking scheme is said to override or modify it.""]}"
AI-RES-002,drafting_block,Unfettered / Express Right,"{""text"": [""The relevant agreement grants a right to park in terms that do not contain the restriction now alleged. The operator is requested to address the scope of that grant and identify any valid contractual mechanism said to have introduced the additional restriction. Use only when the uploaded instrument genuinely supports this proposition.""]}"
AI-RES-003,drafting_block,Allocated Bay,"{""text"": [""The relevant agreement grants or identifies parking rights connected with the allocated space {{bay_reference}}. The operator must address those pre-existing rights before treating the vehicle as an unauthorised user of that space.""]}"
AI-RES-004,drafting_block,Derogation from Grant,"{""text"": [""The uploaded agreement confers a parking benefit. Where the later parking arrangement substantially interferes with the exercise of that granted right, the operator is requested to address the principle that a grantor cannot substantially deprive the grantee of the benefit already conferred. Use only after legal/factual validation.""]}"
AI-EQ-001,drafting_block,Reasonable Adjustment / Additional Time,"{""text"": [""The circumstances required additional time connected with a disability-related need. The operator is requested to consider whether its service and enforcement process required a reasonable adjustment rather than determining the charge solely by automated timestamps.""]}"
AI-HOSP-001,drafting_block,Hospital / Clinical Delay,"{""text"": [""The parking event was connected with verified hospital/medical attendance and the timing issue arose from the identified clinical/emergency circumstances. The operator should apply the site's relevant exemption/validation rules and any applicable Code or Equality Act obligations.""]}"
AI-ACT-001,drafting_block,Loading / Unloading,"{""text"": [""The vehicle's presence was connected with genuine loading/unloading activity. The operator should assess the actual site terms and the factual distinction between temporary stopping for that activity and ordinary parking, rather than assuming that every stationary period is parking.""]}"
AI-EVCH-001,drafting_block,EV Charging,"{""text"": [""The vehicle's presence was connected with a genuine charging session. The operator should distinguish the charging terms from any separate parking terms and reconcile the charge-session records with the allegation.""]}"
SEC-APPENDIX-B,section,APPENDIX B - AI Ground Selection Matrix,"{""order"": 21, ""text"": []}"
SEL-01,selection_rule,Breakdown evidence present,"{""case_pattern"": ""Breakdown evidence present"", ""priority"": ""BREAKDOWN current-Code route first; frustration/impossibility second if facts support; grace only if separately applicable."", ""column_headers"": [""Case pattern"", ""Priority""]}"
SEL-02,selection_rule,Resident + lease uploaded,"{""case_pattern"": ""Resident + lease uploaded"", ""priority"": ""Read lease first; residential rights/primacy before permit-display; use derogation only if grant/interference supports it."", ""column_headers"": [""Case pattern"", ""Priority""]}"
SEL-03,selection_rule,Paid + wrong VRM,"{""case_pattern"": ""Paid + wrong VRM"", ""priority"": ""Payment/keying current-Code route before generic signage."", ""column_headers"": [""Case pattern"", ""Priority""]}"
SEL-04,selection_rule,ANPR + two visits,"{""case_pattern"": ""ANPR + two visits"", ""priority"": ""Multiple-visit/full-sequence route before generic camera maintenance."", ""column_headers"": [""Case pattern"", ""Priority""]}"
SEL-05,selection_rule,Short entry-to-exit + no parking,"{""case_pattern"": ""Short entry-to-exit + no parking"", ""priority"": ""Consideration/contract formation before grace."", ""column_headers"": [""Case pattern"", ""Priority""]}"
SEL-06,selection_rule,Paid parking ended + short exit delay,"{""case_pattern"": ""Paid parking ended + short exit delay"", ""priority"": ""Grace/actual parking period; do not call initial consideration time 'grace'."", ""column_headers"": [""Case pattern"", ""Priority""]}"
SEL-07,selection_rule,Keeper + valid PoFA defect,"{""case_pattern"": ""Keeper + valid PoFA defect"", ""priority"": ""PoFA keeper-liability point can lead; do not add invented defects."", ""column_headers"": [""Case pattern"", ""Priority""]}"
SEL-08,selection_rule,Permit held,"{""case_pattern"": ""Permit held"", ""priority"": ""Underlying authorisation first; then admin/display issue; residential rights may supersede generic permit logic."", ""column_headers"": [""Case pattern"", ""Priority""]}"
SEL-09,selection_rule,Disability-related extra time,"{""case_pattern"": ""Disability-related extra time"", ""priority"": ""Equality Act/reasonable-adjustment analysis plus applicable Code; avoid generic mitigation wording."", ""column_headers"": [""Case pattern"", ""Priority""]}"
SEL-10,selection_rule,Hospital emergency,"{""case_pattern"": ""Hospital emergency"", ""priority"": ""Hospital/emergency/Code route; Equality Act only if relevant facts exist."", ""column_headers"": [""Case pattern"", ""Priority""]}"
SEC-APPENDIX-C,section,APPENDIX C - Release Checklist,"{""order"": 22, ""text"": []}"
CHK-01,checklist_item,"PCN number, VRM, operator, location and material dates match source document.",{}
CHK-02,checklist_item,Driver has not been identified or implied on an unidentified-driver keeper route.,{}
CHK-03,checklist_item,Every legal ground has an active knowledge module and source status.,{}
CHK-04,checklist_item,PoFA route/timing/content checks are verified before any defect is stated.,{}
CHK-05,checklist_item,Applicable Code version and transition status have been resolved.,{}
CHK-06,checklist_item,Breakdown/emergency route uses actual evidence and does not promise automatic frustration.,{}
CHK-07,checklist_item,Residential route quotes/paraphrases the actual lease/tenancy accurately and checks regulation/variation clauses.,{}
CHK-08,checklist_item,ANPR allegations are fact-specific; no generic calibration claim.,{}
CHK-09,checklist_item,Evidence said to be enclosed actually exists.,{}
CHK-10,checklist_item,No obsolete pre-estimate-of-loss argument.,{}
CHK-11,checklist_item,No duplicated grounds or contradictory facts.,{}
CHK-12,checklist_item,"Final letter is concise, coherent and suitable for an initial operator appeal.",{}
SRC-X1,source,Common-law frustration/impossibility principles,"{""note"": ""Not listed in the Source Register (Section 2); named only in the LEGAL / CODE BASIS field of a module.""}"
